{
  "L_omega": [
    [
      1.0,
      0.0,
      0.0,
      0.0
    ],
    [
      -0.1093452200293541,
      0.9940038323402405,
      0.0,
      0.0
    ],
    [
      0.14752569794654846,
      -0.4115791320800781,
      0.8993546962738037,
      0.0
    ],
    [
      -0.12795591354370117,
      0.41253936290740967,
      -0.7489544749259949,
      0.502499520778656
    ]
  ],
  "df": 4.184734344482422,
  "mu": [
    0.0005583029706031084,
    0.00010563866817392409,
    -5.0787231884896755e-05,
    0.000325894623529166
  ],
  "theta": [
    2.4832936560414964e-06,
    8.63221089275612e-07,
    2.2504696062242147e-06,
    4.284335318516241e-06
  ]
}